q,eigenvalue_1,eigenvalue_2,eigenvalue_3,eigenvalue_4,eigenvalue_5,eigenvalue_6,eigenvalue_7,eigenvalue_8,eigenvalue_9,eigenvalue_10,eigenvalue_11,eigenvalue_12,eigenvalue_13,eigenvalue_14
0,-5.2527014453418156e-17,2.4384471871911684,2.4384471871911693,2.438447187191171,3.9999999999999982,4.0,6.561552812808828,6.56155281280883,6.561552812808832,7.0,7.0,7.0,7.000000000000002,9.0
1,0.6906786791822352,0.6906786791822366,3.4940288208497714,3.4940288208497727,3.494028820849774,3.494028820849775,6.505971179150224,6.505971179150227,6.505971179150229,6.505971179150231,6.859831578034585,6.859831578034588,8.449489742783179,8.449489742783179
2,1.267949192431119,1.2679491924311221,1.2679491924311226,3.870235133902747,3.870235133902747,3.8702351339027494,6.0,6.000000000000001,6.732050807568874,6.732050807568875,6.732050807568877,8.129764866097249,8.129764866097252,8.129764866097254
3,1.746646193514075,1.746646193514076,1.7466461935140767,1.7466461935140787,3.9999999999999973,4.000000000000002,6.298975354298716,6.298975354298716,6.298975354298718,6.29897535429872,7.954378452187202,7.954378452187206,7.954378452187207,7.954378452187208
4,1.9999999999999982,1.9999999999999991,2.0,2.354248688935408,2.3542486889354097,4.0,5.999999999999999,6.000000000000001,6.000000000000001,7.645751311064591,7.645751311064591,7.9999999999999964,7.999999999999997,8.0
5,2.167023602341413,2.1670236023414153,2.6058298290286688,2.6058298290286697,2.605829829028672,2.605829829028676,5.3834866548754015,5.383486654875405,7.394170170971323,7.394170170971327,7.3941701709713294,7.394170170971331,8.449489742783175,8.449489742783186
6,2.438447187191168,2.4384471871911697,2.4384471871911724,2.999999999999997,2.9999999999999996,3.000000000000001,3.0000000000000013,6.561552812808828,6.561552812808832,6.5615528128088325,7.999999999999995,8.0,8.0,8.999999999999996
7,2.60582982902867,2.605829829028671,2.6058298290286728,2.605829829028673,3.488801135192793,3.488801135192795,3.5505102572168186,3.550510257216824,7.394170170971327,7.394170170971328,7.394170170971328,7.394170170971331,8.960688607590383,8.960688607590384
8,2.3542486889354075,2.35424868893541,3.171572875253807,3.1715728752538093,3.17157287525381,3.999999999999997,3.999999999999999,4.000000000000001,4.000000000000002,7.645751311064589,7.645751311064589,8.828427124746192,8.828427124746192,8.828427124746192
9,2.605757700539026,2.605757700539027,2.6057577005390278,2.6057577005390278,3.999999999999998,3.9999999999999982,4.5168501324316255,4.516850132431627,4.51685013243163,4.516850132431633,8.87739216702934,8.877392167029342,8.877392167029342,8.877392167029345
10,2.6141320735832343,2.6141320735832356,2.6141320735832356,3.2679491924311215,3.267949192431123,3.2679491924311246,4.732050807568873,4.732050807568877,4.732050807568878,5.999999999999999,6.0000000000000036,9.385867926416758,9.385867926416763,9.385867926416763
11,2.4282212829068603,2.4282212829068643,3.494028820849771,3.494028820849773,3.494028820849775,3.4940288208497763,3.5505102572168212,3.550510257216824,6.505971179150224,6.505971179150226,6.505971179150227,6.505971179150232,10.021268459876314,10.021268459876316
12,2.227998127341237,2.999999999999998,3.0000000000000004,3.0000000000000018,3.0000000000000027,3.9999999999999987,4.000000000000001,4.999999999999999,5.000000000000003,5.000000000000003,7.999999999999997,8.0,8.000000000000004,10.772001872658763
13,2.4282212829068612,2.428221282906865,3.494028820849771,3.494028820849771,3.494028820849773,3.494028820849776,3.5505102572168217,3.550510257216823,6.505971179150222,6.505971179150223,6.505971179150226,6.505971179150227,10.02126845987631,10.021268459876316
14,2.6141320735832343,2.614132073583236,2.6141320735832374,3.2679491924311215,3.2679491924311224,3.2679491924311246,4.732050807568872,4.732050807568875,4.732050807568877,5.9999999999999964,6.000000000000001,9.385867926416761,9.385867926416765,9.385867926416765
15,2.605757700539023,2.6057577005390273,2.605757700539028,2.6057577005390287,3.9999999999999987,4.0,4.516850132431624,4.516850132431627,4.516850132431632,4.516850132431633,8.877392167029337,8.877392167029337,8.877392167029342,8.877392167029344
16,2.3542486889354097,2.3542486889354106,3.171572875253807,3.1715728752538097,3.1715728752538124,3.999999999999997,3.999999999999999,4.000000000000001,4.000000000000003,7.64575131106459,7.645751311064592,8.828427124746185,8.828427124746188,8.82842712474619
17,2.6058298290286683,2.6058298290286714,2.605829829028673,2.6058298290286754,3.488801135192793,3.4888011351927957,3.5505102572168212,3.550510257216823,7.394170170971324,7.394170170971325,7.394170170971328,7.3941701709713294,8.96068860759038,8.960688607590386
18,2.4384471871911684,2.43844718719117,2.438447187191171,3.0,3.0,3.000000000000001,3.000000000000003,6.561552812808829,6.56155281280883,6.561552812808837,8.0,8.0,8.000000000000004,8.999999999999996
19,2.1670236023414144,2.1670236023414176,2.605829829028671,2.605829829028672,2.605829829028673,2.605829829028674,5.383486654875403,5.383486654875406,7.394170170971327,7.3941701709713294,7.39417017097133,7.394170170971332,8.449489742783177,8.449489742783182
20,1.9999999999999978,2.0000000000000004,2.0000000000000018,2.354248688935408,2.3542486889354093,4.0,5.999999999999997,5.999999999999999,6.000000000000001,7.64575131106459,7.6457513110645925,8.0,8.000000000000002,8.000000000000005
21,1.746646193514072,1.7466461935140756,1.7466461935140767,1.746646193514078,3.999999999999995,4.000000000000002,6.298975354298714,6.298975354298715,6.29897535429872,6.298975354298722,7.9543784521872025,7.954378452187204,7.95437845218721,7.95437845218721
22,1.2679491924311188,1.267949192431124,1.2679491924311248,3.870235133902746,3.870235133902747,3.8702351339027485,5.9999999999999964,6.000000000000001,6.732050807568876,6.7320508075688785,6.732050807568885,8.12976486609725,8.129764866097254,8.129764866097258
23,0.6906786791822367,0.6906786791822409,3.4940288208497674,3.4940288208497727,3.494028820849777,3.494028820849778,6.505971179150222,6.505971179150227,6.50597117915023,6.505971179150236,6.859831578034581,6.859831578034586,8.44948974278318,8.449489742783184
24,-4.965433662351271e-16,2.4384471871911666,2.438447187191171,2.4384471871911737,3.9999999999999987,4.000000000000002,6.561552812808828,6.561552812808831,6.561552812808836,6.999999999999998,6.999999999999999,7.000000000000001,7.000000000000007,9.000000000000002
